{"cameraMode":{"drawMode":0,"name":"Shaded","section":"Shading Mode"},"sceneLighting":false,"audioPlay":false,"sceneViewState":{"showFog":true,"showMaterialUpdate":false,"showSkybox":true,"showFlares":true,"showImageEffects":true,"showParticleSystems":true},"in2DMode":false,"pivot":{"x":0.5699999928474426,"y":-0.011999998241662979,"z":1.7009999752044678},"rotation":{"x":-0.12859518826007844,"y":0.027094772085547448,"z":-0.003514727810397744,"w":-0.9913207292556763},"size":0.10003572702407837,"orthographic":false}