{"cameraMode":{"drawMode":0,"name":"Shaded","section":"Shading Mode"},"sceneLighting":true,"audioPlay":false,"sceneViewState":{"showFog":true,"showMaterialUpdate":false,"showSkybox":true,"showFlares":true,"showImageEffects":true,"showParticleSystems":true},"in2DMode":false,"pivot":{"x":-0.9731646776199341,"y":-6.481918811798096,"z":36.550323486328128},"rotation":{"x":-0.12859518826007844,"y":0.027094772085547448,"z":-0.003514727810397744,"w":-0.9913207292556763},"size":43.86191177368164,"orthographic":false}