{"cameraMode":{"drawMode":0,"name":"Shaded","section":"Shading Mode"},"sceneLighting":true,"audioPlay":false,"sceneViewState":{"showFog":false,"showMaterialUpdate":false,"showSkybox":false,"showFlares":false,"showImageEffects":true,"showParticleSystems":false},"in2DMode":false,"pivot":{"x":-0.08277903497219086,"y":0.014978241175413132,"z":-1.4822226762771607},"rotation":{"x":-0.0767112448811531,"y":0.024836130440235139,"z":-0.0019117604242637754,"w":-0.9967421889305115},"size":0.6373671293258667,"orthographic":false}