{"cameraMode":{"drawMode":0,"name":"Shaded","section":"Shading Mode"},"sceneLighting":true,"audioPlay":false,"sceneViewState":{"showFog":false,"showMaterialUpdate":false,"showSkybox":false,"showFlares":false,"showImageEffects":true,"showParticleSystems":false},"in2DMode":false,"pivot":{"x":0.49891239404678347,"y":0.9188210368156433,"z":-0.3285069763660431},"rotation":{"x":-0.0631674975156784,"y":0.056269340217113498,"z":-0.0035679044667631389,"w":-0.996408998966217},"size":3.0373668670654299,"orthographic":false}